{
    "disclaimer": "Exchange rates are provided for informational purposes only, and do not constitute financial advice of any kind. Although every attempt is made to ensure quality, NO guarantees are given whatsoever of accuracy, validity, availability, or fitness for any purpose - please use at your own risk. All usage is subject to your acceptance of the Terms and Conditions of Service, available at: http://openexchangerates.org/terms/",
    "license": "Data sourced from various providers with public-facing APIs; copyright may apply; resale is prohibited; no warranties given of any kind. All usage is subject to your acceptance of the License Agreement available at: http://openexchangerates.org/license/",
    "timestamp": 1357660808,
    "base": "USD",
    "rates": {
        "AED": 3.673045,
        "AFN": 51.3288,
        "ALL": 106.736375,
        "AMD": 403.773332,
        "ANG": 1.78096,
        "AOA": 95.8479,
        "ARS": 4.931347,
        "AUD": 0.953543,
        "AWG": 1.789867,
        "AZN": 0.7849,
        "BAM": 1.497687,
        "BBD": 2,
        "BDT": 79.908512,
        "BGN": 1.496769,
        "BHD": 0.377025,
        "BIF": 1505.92,
        "BMD": 1,
        "BND": 1.2292,
        "BOB": 6.992621,
        "BRL": 2.033789,
        "BSD": 1,
        "BTC": 0.073556,
        "BTN": 55.084433,
        "BWP": 7.843748,
        "BYR": 8651.853333,
        "BZD": 1.992278,
        "CAD": 0.987102,
        "CDF": 920.159896,
        "CHF": 0.924183,
        "CLF": 0.020705,
        "CLP": 472.799956,
        "CNY": 6.239973,
        "COP": 1771.9403,
        "CRC": 500.3686,
        "CUP": 22.682881,
        "CVE": 83.522513,
        "CZK": 19.539743,
        "DJF": 178.02375,
        "DKK": 5.706405,
        "DOP": 40.416469,
        "DZD": 78.757273,
        "EEK": 11.760122,
        "EGP": 6.471466,
        "ETB": 18.2977,
        "EUR": 0.76426,
        "FJD": 1.775663,
        "FKP": 0.623336,
        "GBP": 0.623336,
        "GEL": 1.65815,
        "GHS": 1.894761,
        "GIP": 0.623945,
        "GMD": 34.1775,
        "GNF": 7154.1325,
        "GTQ": 7.96707,
        "GYD": 202.468332,
        "HKD": 7.751407,
        "HNL": 19.908851,
        "HRK": 5.784367,
        "HTG": 42.169513,
        "HUF": 223.340689,
        "IDR": 9709.965572,
        "ILS": 3.775891,
        "INR": 55.062051,
        "IQD": 1165.47625,
        "IRR": 12285.2975,
        "ISK": 129.13625,
        "JEP": 0.623336,
        "JMD": 92.454304,
        "JOD": 0.709306,
        "JPY": 87.386875,
        "KES": 86.549112,
        "KGS": 47.386866,
        "KHR": 4004.94875,
        "KMF": 375.952239,
        "KPW": 900,
        "KRW": 1062.588853,
        "KWD": 0.282037,
        "KYD": 0.82291,
        "KZT": 150.668146,
        "LAK": 7966.27125,
        "LBP": 1507.40682,
        "LKR": 127.227609,
        "LRD": 73.666667,
        "LSL": 8.581666,
        "LTL": 2.63979,
        "LVL": 0.532821,
        "LYD": 1.261419,
        "MAD": 8.506428,
        "MDL": 12.119949,
        "MGA": 2252.88875,
        "MKD": 47.203257,
        "MMK": 857.51925,
        "MNT": 1387.5,
        "MOP": 7.987688,
        "MRO": 302.91375,
        "MUR": 30.764944,
        "MVR": 15.4094,
        "MWK": 322.2075,
        "MXN": 12.783843,
        "MYR": 3.043119,
        "MZN": 29.369433,
        "NAD": 8.576301,
        "NGN": 156.615313,
        "NIO": 24.195905,
        "NOK": 5.600505,
        "NPR": 88.25034,
        "NZD": 1.197765,
        "OMR": 0.385022,
        "PAB": 1,
        "PEN": 2.549216,
        "PGK": 2.08789,
        "PHP": 40.847573,
        "PKR": 97.507789,
        "PLN": 3.153228,
        "PYG": 4311.917866,
        "QAR": 3.640666,
        "RON": 3.369788,
        "RSD": 85.657864,
        "RUB": 30.325269,
        "RWF": 622.43498,
        "SAR": 3.750244,
        "SBD": 7.091197,
        "SCR": 13.049026,
        "SDG": 4.411802,
        "SEK": 6.551902,
        "SGD": 1.229541,
        "SHP": 0.623336,
        "SLL": 4339.001083,
        "SOS": 1603.1025,
        "SRD": 3.275,
        "STD": 18678.445,
        "SVC": 8.751586,
        "SYP": 71.031813,
        "SZL": 8.580809,
        "THB": 30.430955,
        "TJS": 4.763167,
        "TMT": 2.85025,
        "TND": 1.566707,
        "TOP": 1.742331,
        "TRY": 1.779195,
        "TTD": 6.392339,
        "TWD": 29.043087,
        "TZS": 1593.061338,
        "UAH": 8.042024,
        "UGX": 2717.83226,
        "USD": 1,
        "UYU": 19.279187,
        "UZS": 1985.739596,
        "VEF": 4.294456,
        "VND": 20852.52866,
        "VUV": 91.019999,
        "WST": 2.29045,
        "XAF": 501.414134,
        "XCD": 2.702025,
        "XDR": 0.6535,
        "XOF": 501.466248,
        "XPF": 91.191713,
        "YER": 215.028649,
        "ZAR": 8.589019,
        "ZMK": 5232.196666,
        "ZWL": 322.387247
    }
}